{"version": "1", "message": "ERROR: Hidden Testcases server unreachable.", "problem_id": "m19_a1", "user_id": "heerak205", "score": {"sample": {"0": {"execution_time": 0.06835508346557617, "passed": false}, "1": {"execution_time": 0.05646395683288574, "passed": false}, "2": {"execution_time": 0.0547032356262207, "passed": false}, "3": {"execution_time": 0.055290937423706055, "passed": false}, "4": {"execution_time": 0.051976919174194336, "passed": false}, "5": {"execution_time": 0.05359911918640137, "passed": false}, "6": {"execution_time": 0.05375385284423828, "passed": false}, "7": {"execution_time": 0.053089141845703125, "passed": false}, "8": {"execution_time": 0.05033993721008301, "passed": false}, "9": {"execution_time": 0.05262398719787598, "passed": false}, "10": {"execution_time": 0.05241799354553223, "passed": false}, "11": {"execution_time": 0.052101850509643555, "passed": false}, "12": {"execution_time": 0.05151104927062988, "passed": false}}}, "pylint_score": "0/0"}