{"version": "1", "message": "ERROR: Hidden Testcases server unreachable.", "problem_id": "m19_a1", "user_id": "heerak205", "score": {"sample": {"0": {"execution_time": 0.25052618980407715, "passed": false}, "1": {"execution_time": 0.0623471736907959, "passed": false}, "2": {"execution_time": 0.05375409126281738, "passed": false}, "3": {"execution_time": 0.0542750358581543, "passed": false}, "4": {"execution_time": 0.05241703987121582, "passed": false}, "5": {"execution_time": 0.05311012268066406, "passed": false}, "6": {"execution_time": 0.053843021392822266, "passed": true}, "7": {"execution_time": 0.05446767807006836, "passed": false}, "8": {"execution_time": 0.05551576614379883, "passed": false}, "9": {"execution_time": 0.054994821548461914, "passed": false}, "10": {"execution_time": 0.053472042083740234, "passed": false}, "11": {"execution_time": 0.05350613594055176, "passed": false}, "12": {"execution_time": 0.053061723709106445, "passed": false}}}, "pylint_score": "-4/10"}