{"version": "1", "message": "ERROR: Hidden Testcases server unreachable.", "problem_id": "m19_a1", "user_id": "heerak205", "score": {"sample": {"0": {"execution_time": 0.05602622032165527, "passed": false}, "1": {"execution_time": 0.05150628089904785, "passed": false}, "2": {"execution_time": 0.05556893348693848, "passed": false}, "3": {"execution_time": 0.051735877990722656, "passed": false}, "4": {"execution_time": 0.05279064178466797, "passed": false}, "5": {"execution_time": 0.05027937889099121, "passed": false}, "6": {"execution_time": 0.05338001251220703, "passed": false}, "7": {"execution_time": 0.052394866943359375, "passed": false}, "8": {"execution_time": 0.05229687690734863, "passed": false}, "9": {"execution_time": 0.05301809310913086, "passed": false}, "10": {"execution_time": 0.05200695991516113, "passed": false}, "11": {"execution_time": 0.05219578742980957, "passed": false}, "12": {"execution_time": 0.0526118278503418, "passed": false}}}, "pylint_score": "-3/10"}