{"version": "1", "message": "ERROR: Hidden Testcases server unreachable.", "problem_id": "m19_a1", "user_id": "heerak205", "score": {"sample": {"0": {"execution_time": 0.05523085594177246, "passed": false}, "1": {"execution_time": 0.05346179008483887, "passed": false}, "2": {"execution_time": 0.05562782287597656, "passed": false}, "3": {"execution_time": 0.05405592918395996, "passed": false}, "4": {"execution_time": 0.05309605598449707, "passed": false}, "5": {"execution_time": 0.05357193946838379, "passed": false}, "6": {"execution_time": 0.05330204963684082, "passed": false}, "7": {"execution_time": 0.05204296112060547, "passed": false}, "8": {"execution_time": 0.05170702934265137, "passed": false}, "9": {"execution_time": 0.05173516273498535, "passed": false}, "10": {"execution_time": 0.05113697052001953, "passed": false}, "11": {"execution_time": 0.05403590202331543, "passed": false}, "12": {"execution_time": 0.05356192588806152, "passed": false}}}, "pylint_score": "-3/10"}