{"version": "1", "message": "ERROR: Hidden Testcases server unreachable.", "problem_id": "m19_a1", "user_id": "heerak205", "score": {"sample": {"0": {"execution_time": 0.23761367797851562, "passed": false}, "1": {"execution_time": 0.06106281280517578, "passed": false}, "2": {"execution_time": 0.055129051208496094, "passed": false}, "3": {"execution_time": 0.05418825149536133, "passed": false}, "4": {"execution_time": 0.05424308776855469, "passed": false}, "5": {"execution_time": 0.05364799499511719, "passed": false}, "6": {"execution_time": 0.05305123329162598, "passed": true}, "7": {"execution_time": 0.05490422248840332, "passed": false}, "8": {"execution_time": 0.05559206008911133, "passed": false}, "9": {"execution_time": 0.05408191680908203, "passed": false}, "10": {"execution_time": 0.06856012344360352, "passed": false}, "11": {"execution_time": 0.06242799758911133, "passed": false}, "12": {"execution_time": 0.05344724655151367, "passed": false}}}, "pylint_score": "-4/10"}