{"version": "1", "message": "ERROR: Hidden Testcases server unreachable.", "problem_id": "m19_a1", "user_id": "heerak205", "score": {"sample": {"0": {"execution_time": 0.057299137115478516, "passed": false}, "1": {"execution_time": 0.054865360260009766, "passed": false}, "2": {"execution_time": 0.05325961112976074, "passed": false}, "3": {"execution_time": 0.05208611488342285, "passed": false}, "4": {"execution_time": 0.05256509780883789, "passed": false}, "5": {"execution_time": 0.05213785171508789, "passed": false}, "6": {"execution_time": 0.05503201484680176, "passed": false}, "7": {"execution_time": 0.0538630485534668, "passed": false}, "8": {"execution_time": 0.05434298515319824, "passed": false}, "9": {"execution_time": 0.05611872673034668, "passed": false}, "10": {"execution_time": 0.05666208267211914, "passed": false}, "11": {"execution_time": 0.05283975601196289, "passed": false}, "12": {"execution_time": 0.05641603469848633, "passed": false}}}, "pylint_score": "-3/10"}