{"version": "1", "message": "ERROR: Hidden Testcases server unreachable.", "problem_id": "m19_a1", "user_id": "heerak205", "score": {"sample": {"0": {"execution_time": 0.06128811836242676, "passed": false}, "1": {"execution_time": 0.053854942321777344, "passed": false}, "2": {"execution_time": 0.05318403244018555, "passed": false}, "3": {"execution_time": 0.0535280704498291, "passed": false}, "4": {"execution_time": 0.05330085754394531, "passed": false}, "5": {"execution_time": 0.051550865173339844, "passed": false}, "6": {"execution_time": 0.052227020263671875, "passed": false}, "7": {"execution_time": 0.05107879638671875, "passed": false}, "8": {"execution_time": 0.0543820858001709, "passed": false}, "9": {"execution_time": 0.05491209030151367, "passed": false}, "10": {"execution_time": 0.05343985557556152, "passed": false}, "11": {"execution_time": 0.05425524711608887, "passed": false}, "12": {"execution_time": 0.0544278621673584, "passed": false}}}, "pylint_score": "-3/10"}