{"version": "1", "message": "ERROR: Hidden Testcases server unreachable.", "problem_id": "cspp1_m10_a1_1", "user_id": "heerak205", "score": {"sample": {"0": {"execution_time": 0.04899096488952637, "passed": true}, "1": {"execution_time": 0.05667710304260254, "passed": true}, "2": {"execution_time": 0.04760289192199707, "passed": true}, "3": {"execution_time": 0.07877993583679199, "passed": false}, "4": {"execution_time": 0.19345688819885254, "passed": true}, "5": {"execution_time": 0.09789919853210449, "passed": false}, "6": {"execution_time": 0.07804203033447266, "passed": true}, "7": {"execution_time": 0.09806013107299805, "passed": false}, "8": {"execution_time": 0.0920400619506836, "passed": false}, "9": {"execution_time": 0.10625791549682617, "passed": false}, "10": {"execution_time": 0.11914420127868652, "passed": true}, "11": {"execution_time": 0.0868830680847168, "passed": true}, "12": {"execution_time": 0.0770409107208252, "passed": false}, "13": {"execution_time": 0.04960918426513672, "passed": false}, "14": {"execution_time": 0.04853010177612305, "passed": false}, "15": {"execution_time": 0.04992103576660156, "passed": false}, "16": {"execution_time": 0.046415090560913086, "passed": true}, "17": {"execution_time": 0.04769086837768555, "passed": true}, "18": {"execution_time": 0.04672884941101074, "passed": true}, "19": {"execution_time": 0.046929359436035156, "passed": false}, "20": {"execution_time": 0.045619964599609375, "passed": true}, "21": {"execution_time": 0.06461906433105469, "passed": false}, "22": {"execution_time": 0.06025385856628418, "passed": false}, "23": {"execution_time": 0.05381512641906738, "passed": false}, "24": {"execution_time": 0.049317121505737305, "passed": false}}}, "pylint_score": "5/10"}