{"version": "1", "message": "ERROR: Hidden Testcases server unreachable.", "problem_id": "cspp1_m10_a1_1", "user_id": "heerak205", "score": {"sample": {"0": {"execution_time": 0.20956087112426758, "passed": true}, "1": {"execution_time": 0.04500389099121094, "passed": true}, "2": {"execution_time": 0.04418206214904785, "passed": true}, "3": {"execution_time": 0.04440498352050781, "passed": false}, "4": {"execution_time": 0.0444331169128418, "passed": true}, "5": {"execution_time": 0.04452371597290039, "passed": false}, "6": {"execution_time": 0.0446169376373291, "passed": true}, "7": {"execution_time": 0.04506111145019531, "passed": false}, "8": {"execution_time": 0.04457998275756836, "passed": false}, "9": {"execution_time": 0.04498791694641113, "passed": false}, "10": {"execution_time": 0.04605698585510254, "passed": true}, "11": {"execution_time": 0.04499506950378418, "passed": true}, "12": {"execution_time": 0.04422926902770996, "passed": false}, "13": {"execution_time": 0.04502606391906738, "passed": false}, "14": {"execution_time": 0.044216156005859375, "passed": false}, "15": {"execution_time": 0.044380903244018555, "passed": false}, "16": {"execution_time": 0.04416489601135254, "passed": true}, "17": {"execution_time": 0.04443025588989258, "passed": true}, "18": {"execution_time": 0.04413795471191406, "passed": true}, "19": {"execution_time": 0.04416990280151367, "passed": false}, "20": {"execution_time": 0.0443120002746582, "passed": true}, "21": {"execution_time": 0.04535198211669922, "passed": false}, "22": {"execution_time": 0.045358896255493164, "passed": false}, "23": {"execution_time": 0.05262017250061035, "passed": false}, "24": {"execution_time": 0.04472517967224121, "passed": false}}}, "pylint_score": "5/10"}