{"version": "1", "message": "ERROR: Hidden Testcases server unreachable.", "problem_id": "cspp1_m10_a1_1", "user_id": "heerak205", "score": {"sample": {"0": {"execution_time": 0.06257510185241699, "passed": true}, "1": {"execution_time": 0.04725074768066406, "passed": false}, "2": {"execution_time": 0.047284841537475586, "passed": false}, "3": {"execution_time": 0.0465397834777832, "passed": false}, "4": {"execution_time": 0.0458219051361084, "passed": false}, "5": {"execution_time": 0.045250892639160156, "passed": false}, "6": {"execution_time": 0.04588007926940918, "passed": false}, "7": {"execution_time": 0.0466771125793457, "passed": false}, "8": {"execution_time": 0.04534029960632324, "passed": false}, "9": {"execution_time": 0.045771121978759766, "passed": false}, "10": {"execution_time": 0.0461888313293457, "passed": false}, "11": {"execution_time": 0.04573321342468262, "passed": false}, "12": {"execution_time": 0.0463411808013916, "passed": false}, "13": {"execution_time": 0.045472145080566406, "passed": false}, "14": {"execution_time": 0.04520297050476074, "passed": false}, "15": {"execution_time": 0.04520297050476074, "passed": false}, "16": {"execution_time": 0.0453338623046875, "passed": false}, "17": {"execution_time": 0.04603910446166992, "passed": false}, "18": {"execution_time": 0.04580283164978027, "passed": false}, "19": {"execution_time": 0.04698777198791504, "passed": false}, "20": {"execution_time": 0.04587507247924805, "passed": false}, "21": {"execution_time": 0.04563117027282715, "passed": false}, "22": {"execution_time": 0.04564785957336426, "passed": false}, "23": {"execution_time": 0.045955657958984375, "passed": false}, "24": {"execution_time": 0.04598116874694824, "passed": false}}}, "pylint_score": "-4/10"}