{"version": "1", "message": "ERROR: Hidden Testcases server unreachable.", "problem_id": "cspp1_m10_a1_1", "user_id": "heerak205", "score": {"sample": {"0": {"execution_time": 0.061276912689208984, "passed": true}, "1": {"execution_time": 0.0450139045715332, "passed": true}, "2": {"execution_time": 0.0458219051361084, "passed": true}, "3": {"execution_time": 0.047043800354003906, "passed": false}, "4": {"execution_time": 0.053157806396484375, "passed": true}, "5": {"execution_time": 0.04419302940368652, "passed": false}, "6": {"execution_time": 0.04576396942138672, "passed": true}, "7": {"execution_time": 0.0447390079498291, "passed": false}, "8": {"execution_time": 0.044548988342285156, "passed": false}, "9": {"execution_time": 0.04375195503234863, "passed": false}, "10": {"execution_time": 0.043920278549194336, "passed": true}, "11": {"execution_time": 0.046158790588378906, "passed": true}, "12": {"execution_time": 0.04405689239501953, "passed": false}, "13": {"execution_time": 0.044358253479003906, "passed": false}, "14": {"execution_time": 0.044506072998046875, "passed": false}, "15": {"execution_time": 0.04404306411743164, "passed": false}, "16": {"execution_time": 0.04484105110168457, "passed": true}, "17": {"execution_time": 0.045285940170288086, "passed": true}, "18": {"execution_time": 0.04565286636352539, "passed": true}, "19": {"execution_time": 0.0448298454284668, "passed": false}, "20": {"execution_time": 0.04484295845031738, "passed": true}, "21": {"execution_time": 0.044803619384765625, "passed": false}, "22": {"execution_time": 0.045047760009765625, "passed": false}, "23": {"execution_time": 0.04511404037475586, "passed": false}, "24": {"execution_time": 0.04490494728088379, "passed": false}}}, "pylint_score": "5/10"}