{"version": "1", "message": "ERROR: Hidden Testcases server unreachable.", "problem_id": "cspp1_m10_a1_1", "user_id": "heerak205", "score": {"sample": {"0": {"execution_time": 0.05366992950439453, "passed": true}, "1": {"execution_time": 0.054196834564208984, "passed": false}, "2": {"execution_time": 0.056484222412109375, "passed": false}, "3": {"execution_time": 0.055513858795166016, "passed": false}, "4": {"execution_time": 0.05183291435241699, "passed": false}, "5": {"execution_time": 0.05207180976867676, "passed": false}, "6": {"execution_time": 0.0511932373046875, "passed": false}, "7": {"execution_time": 0.053021907806396484, "passed": false}, "8": {"execution_time": 0.05363011360168457, "passed": false}, "9": {"execution_time": 0.0514681339263916, "passed": false}, "10": {"execution_time": 0.05284285545349121, "passed": false}, "11": {"execution_time": 0.051367998123168945, "passed": false}, "12": {"execution_time": 0.05316615104675293, "passed": false}, "13": {"execution_time": 0.05335187911987305, "passed": false}, "14": {"execution_time": 0.05174827575683594, "passed": false}, "15": {"execution_time": 0.05245399475097656, "passed": false}, "16": {"execution_time": 0.05164527893066406, "passed": false}, "17": {"execution_time": 0.055017948150634766, "passed": false}, "18": {"execution_time": 0.0529019832611084, "passed": false}, "19": {"execution_time": 0.052043914794921875, "passed": false}, "20": {"execution_time": 0.05233311653137207, "passed": false}, "21": {"execution_time": 0.05105900764465332, "passed": false}, "22": {"execution_time": 0.05533099174499512, "passed": false}, "23": {"execution_time": 0.05229997634887695, "passed": false}, "24": {"execution_time": 0.051904916763305664, "passed": false}}}, "pylint_score": "-4/10"}