{"version": "1", "message": "ERROR: Hidden Testcases server unreachable.", "problem_id": "cspp1_m10_a1_1", "user_id": "heerak205", "score": {"sample": {"0": {"execution_time": 0.21536517143249512, "passed": true}, "1": {"execution_time": 0.048213958740234375, "passed": false}, "2": {"execution_time": 0.04803824424743652, "passed": false}, "3": {"execution_time": 0.05206298828125, "passed": false}, "4": {"execution_time": 0.04996609687805176, "passed": false}, "5": {"execution_time": 0.049214839935302734, "passed": false}, "6": {"execution_time": 0.05153298377990723, "passed": false}, "7": {"execution_time": 0.049128055572509766, "passed": false}, "8": {"execution_time": 0.04962873458862305, "passed": false}, "9": {"execution_time": 0.05002188682556152, "passed": false}, "10": {"execution_time": 0.04979872703552246, "passed": false}, "11": {"execution_time": 0.05146503448486328, "passed": false}, "12": {"execution_time": 0.04827618598937988, "passed": false}, "13": {"execution_time": 0.07148981094360352, "passed": false}, "14": {"execution_time": 0.05411195755004883, "passed": false}, "15": {"execution_time": 0.049471139907836914, "passed": false}, "16": {"execution_time": 0.0478968620300293, "passed": false}, "17": {"execution_time": 0.04826784133911133, "passed": false}, "18": {"execution_time": 0.049672842025756836, "passed": false}, "19": {"execution_time": 0.051084041595458984, "passed": false}, "20": {"execution_time": 0.04938197135925293, "passed": false}, "21": {"execution_time": 0.0510709285736084, "passed": false}, "22": {"execution_time": 0.05142498016357422, "passed": false}, "23": {"execution_time": 0.049242258071899414, "passed": false}, "24": {"execution_time": 0.0493769645690918, "passed": false}}}, "pylint_score": "-3/10"}