{"version": "1", "message": "ERROR: Hidden Testcases server unreachable.", "problem_id": "cspp1_m10_a1_1", "user_id": "heerak205", "score": {"sample": {"0": {"execution_time": 0.253032922744751, "passed": true}, "1": {"execution_time": 0.04669618606567383, "passed": true}, "2": {"execution_time": 0.04614996910095215, "passed": true}, "3": {"execution_time": 0.04758286476135254, "passed": false}, "4": {"execution_time": 0.04563093185424805, "passed": true}, "5": {"execution_time": 0.04647493362426758, "passed": false}, "6": {"execution_time": 0.046755075454711914, "passed": true}, "7": {"execution_time": 0.045677900314331055, "passed": false}, "8": {"execution_time": 0.0488581657409668, "passed": false}, "9": {"execution_time": 0.04853510856628418, "passed": false}, "10": {"execution_time": 0.04552721977233887, "passed": true}, "11": {"execution_time": 0.04725790023803711, "passed": true}, "12": {"execution_time": 0.04611611366271973, "passed": false}, "13": {"execution_time": 0.04833221435546875, "passed": false}, "14": {"execution_time": 0.04607391357421875, "passed": false}, "15": {"execution_time": 0.04546380043029785, "passed": false}, "16": {"execution_time": 0.04763197898864746, "passed": true}, "17": {"execution_time": 0.04538989067077637, "passed": true}, "18": {"execution_time": 0.04690718650817871, "passed": true}, "19": {"execution_time": 0.04767107963562012, "passed": false}, "20": {"execution_time": 0.04534578323364258, "passed": true}, "21": {"execution_time": 0.04590797424316406, "passed": false}, "22": {"execution_time": 0.046365976333618164, "passed": false}, "23": {"execution_time": 0.046547889709472656, "passed": false}, "24": {"execution_time": 0.04780292510986328, "passed": false}}}, "pylint_score": "5/10"}