{"version": "1", "message": "ERROR: Hidden Testcases server unreachable.", "problem_id": "cspp1_m10_a1_1", "user_id": "heerak205", "score": {"sample": {"0": {"execution_time": 0.06685805320739746, "passed": true}, "1": {"execution_time": 0.05602598190307617, "passed": false}, "2": {"execution_time": 0.05725598335266113, "passed": false}, "3": {"execution_time": 0.05602598190307617, "passed": false}, "4": {"execution_time": 0.05739092826843262, "passed": false}, "5": {"execution_time": 0.05698585510253906, "passed": false}, "6": {"execution_time": 0.056572914123535156, "passed": false}, "7": {"execution_time": 0.05702710151672363, "passed": false}, "8": {"execution_time": 0.05546689033508301, "passed": false}, "9": {"execution_time": 0.05674386024475098, "passed": false}, "10": {"execution_time": 0.05747795104980469, "passed": false}, "11": {"execution_time": 0.05744218826293945, "passed": false}, "12": {"execution_time": 0.05818581581115723, "passed": false}, "13": {"execution_time": 0.057463884353637695, "passed": false}, "14": {"execution_time": 0.05647087097167969, "passed": false}, "15": {"execution_time": 0.0555570125579834, "passed": false}, "16": {"execution_time": 0.05657196044921875, "passed": false}, "17": {"execution_time": 0.056236982345581055, "passed": false}, "18": {"execution_time": 0.05644798278808594, "passed": true}, "19": {"execution_time": 0.05792999267578125, "passed": false}, "20": {"execution_time": 0.05604195594787598, "passed": false}, "21": {"execution_time": 0.055934906005859375, "passed": false}, "22": {"execution_time": 0.05742192268371582, "passed": false}, "23": {"execution_time": 0.0559232234954834, "passed": false}, "24": {"execution_time": 0.05656290054321289, "passed": false}}}, "pylint_score": "-4/10"}