{"version": "1", "message": "ERROR: Hidden Testcases server unreachable.", "problem_id": "cspp1_m10_a1_1", "user_id": "heerak205", "score": {"sample": {"0": {"execution_time": 0.05463385581970215, "passed": true}, "1": {"execution_time": 0.05238819122314453, "passed": false}, "2": {"execution_time": 0.04950404167175293, "passed": false}, "3": {"execution_time": 0.04769611358642578, "passed": false}, "4": {"execution_time": 0.050366878509521484, "passed": false}, "5": {"execution_time": 0.04898715019226074, "passed": false}, "6": {"execution_time": 0.047807931900024414, "passed": false}, "7": {"execution_time": 0.04822397232055664, "passed": false}, "8": {"execution_time": 0.04743385314941406, "passed": false}, "9": {"execution_time": 0.049782752990722656, "passed": false}, "10": {"execution_time": 0.047393083572387695, "passed": false}, "11": {"execution_time": 0.04766106605529785, "passed": false}, "12": {"execution_time": 0.048905372619628906, "passed": false}, "13": {"execution_time": 0.04730081558227539, "passed": false}, "14": {"execution_time": 0.04812502861022949, "passed": false}, "15": {"execution_time": 0.04783987998962402, "passed": false}, "16": {"execution_time": 0.04694080352783203, "passed": false}, "17": {"execution_time": 0.04999804496765137, "passed": false}, "18": {"execution_time": 0.04813098907470703, "passed": true}, "19": {"execution_time": 0.049326181411743164, "passed": false}, "20": {"execution_time": 0.0517420768737793, "passed": false}, "21": {"execution_time": 0.04780316352844238, "passed": false}, "22": {"execution_time": 0.05088400840759277, "passed": false}, "23": {"execution_time": 0.04880499839782715, "passed": false}, "24": {"execution_time": 0.047508955001831055, "passed": false}}}, "pylint_score": "-4/10"}