{"version": "1", "message": "ERROR: Hidden Testcases server unreachable.", "problem_id": "cspp1_m10_a1_1", "user_id": "heerak205", "score": {"sample": {"0": {"execution_time": 0.06344914436340332, "passed": false}, "1": {"execution_time": 0.046378135681152344, "passed": false}, "2": {"execution_time": 0.046037912368774414, "passed": false}, "3": {"execution_time": 0.04555225372314453, "passed": false}, "4": {"execution_time": 0.05009603500366211, "passed": false}, "5": {"execution_time": 0.045195817947387695, "passed": false}, "6": {"execution_time": 0.04697704315185547, "passed": false}, "7": {"execution_time": 0.04503297805786133, "passed": false}, "8": {"execution_time": 0.04521799087524414, "passed": false}, "9": {"execution_time": 0.04608416557312012, "passed": false}, "10": {"execution_time": 0.04480409622192383, "passed": false}, "11": {"execution_time": 0.04634809494018555, "passed": false}, "12": {"execution_time": 0.0484929084777832, "passed": false}, "13": {"execution_time": 0.0448911190032959, "passed": false}, "14": {"execution_time": 0.04659295082092285, "passed": false}, "15": {"execution_time": 0.04531669616699219, "passed": false}, "16": {"execution_time": 0.04681587219238281, "passed": false}, "17": {"execution_time": 0.04544210433959961, "passed": false}, "18": {"execution_time": 0.04517102241516113, "passed": false}, "19": {"execution_time": 0.047039031982421875, "passed": false}, "20": {"execution_time": 0.04598712921142578, "passed": false}, "21": {"execution_time": 0.04509687423706055, "passed": false}, "22": {"execution_time": 0.048293113708496094, "passed": false}, "23": {"execution_time": 0.04674100875854492, "passed": false}, "24": {"execution_time": 0.04736495018005371, "passed": false}}}, "pylint_score": "-3/10"}