{"version": "1", "message": "ERROR: Hidden Testcases server unreachable.", "problem_id": "cspp1_m10_a1_1", "user_id": "heerak205", "score": {"sample": {"0": {"execution_time": 0.06346774101257324, "passed": true}, "1": {"execution_time": 0.04803109169006348, "passed": true}, "2": {"execution_time": 0.04622006416320801, "passed": true}, "3": {"execution_time": 0.045659780502319336, "passed": false}, "4": {"execution_time": 0.045812129974365234, "passed": true}, "5": {"execution_time": 0.04677009582519531, "passed": false}, "6": {"execution_time": 0.04667806625366211, "passed": true}, "7": {"execution_time": 0.04601693153381348, "passed": false}, "8": {"execution_time": 0.04623913764953613, "passed": false}, "9": {"execution_time": 0.04559636116027832, "passed": false}, "10": {"execution_time": 0.0470738410949707, "passed": true}, "11": {"execution_time": 0.046144962310791016, "passed": true}, "12": {"execution_time": 0.04607987403869629, "passed": false}, "13": {"execution_time": 0.04691505432128906, "passed": false}, "14": {"execution_time": 0.04553699493408203, "passed": false}, "15": {"execution_time": 0.04615306854248047, "passed": false}, "16": {"execution_time": 0.04717278480529785, "passed": true}, "17": {"execution_time": 0.046875715255737305, "passed": true}, "18": {"execution_time": 0.04508209228515625, "passed": true}, "19": {"execution_time": 0.04655885696411133, "passed": false}, "20": {"execution_time": 0.046182870864868164, "passed": true}, "21": {"execution_time": 0.04625701904296875, "passed": false}, "22": {"execution_time": 0.04643726348876953, "passed": false}, "23": {"execution_time": 0.04491424560546875, "passed": false}, "24": {"execution_time": 0.04626297950744629, "passed": false}}}, "pylint_score": "5/10"}