{"version": "1", "message": "ERROR: Hidden Testcases server unreachable.", "problem_id": "cspp1_m10_a1_1", "user_id": "heerak205", "score": {"sample": {"0": {"execution_time": 0.14075303077697754, "passed": true}, "1": {"execution_time": 0.04806089401245117, "passed": false}, "2": {"execution_time": 0.04904794692993164, "passed": false}, "3": {"execution_time": 0.050942182540893555, "passed": false}, "4": {"execution_time": 0.04808616638183594, "passed": false}, "5": {"execution_time": 0.04762101173400879, "passed": false}, "6": {"execution_time": 0.050016164779663086, "passed": false}, "7": {"execution_time": 0.04935717582702637, "passed": false}, "8": {"execution_time": 0.04898500442504883, "passed": false}, "9": {"execution_time": 0.050523996353149414, "passed": false}, "10": {"execution_time": 0.04896879196166992, "passed": false}, "11": {"execution_time": 0.04868793487548828, "passed": false}, "12": {"execution_time": 0.048970937728881836, "passed": false}, "13": {"execution_time": 0.049139976501464844, "passed": false}, "14": {"execution_time": 0.05137300491333008, "passed": false}, "15": {"execution_time": 0.048716068267822266, "passed": false}, "16": {"execution_time": 0.0495150089263916, "passed": false}, "17": {"execution_time": 0.05139493942260742, "passed": false}, "18": {"execution_time": 0.04834914207458496, "passed": false}, "19": {"execution_time": 0.051917076110839844, "passed": false}, "20": {"execution_time": 0.04964089393615723, "passed": false}, "21": {"execution_time": 0.05010986328125, "passed": false}, "22": {"execution_time": 0.05285310745239258, "passed": false}, "23": {"execution_time": 0.049649953842163086, "passed": false}, "24": {"execution_time": 0.04980111122131348, "passed": false}}}, "pylint_score": "0/0"}