{"version": "1", "message": "ERROR: Hidden Testcases server unreachable.", "problem_id": "cspp1_m10_a1_1", "user_id": "heerak205", "score": {"sample": {"0": {"execution_time": 0.056839942932128906, "passed": true}, "1": {"execution_time": 0.05124402046203613, "passed": false}, "2": {"execution_time": 0.051232099533081055, "passed": false}, "3": {"execution_time": 0.0499119758605957, "passed": false}, "4": {"execution_time": 0.04991793632507324, "passed": false}, "5": {"execution_time": 0.05020594596862793, "passed": false}, "6": {"execution_time": 0.05244278907775879, "passed": false}, "7": {"execution_time": 0.05035591125488281, "passed": false}, "8": {"execution_time": 0.05146217346191406, "passed": false}, "9": {"execution_time": 0.05186724662780762, "passed": false}, "10": {"execution_time": 0.049849748611450195, "passed": false}, "11": {"execution_time": 0.051661014556884766, "passed": false}, "12": {"execution_time": 0.05050539970397949, "passed": false}, "13": {"execution_time": 0.04990100860595703, "passed": false}, "14": {"execution_time": 0.05020308494567871, "passed": false}, "15": {"execution_time": 0.05047106742858887, "passed": false}, "16": {"execution_time": 0.049642086029052734, "passed": false}, "17": {"execution_time": 0.050557851791381836, "passed": false}, "18": {"execution_time": 0.05028200149536133, "passed": true}, "19": {"execution_time": 0.04981708526611328, "passed": false}, "20": {"execution_time": 0.0498960018157959, "passed": false}, "21": {"execution_time": 0.05011415481567383, "passed": false}, "22": {"execution_time": 0.05035805702209473, "passed": false}, "23": {"execution_time": 0.05014801025390625, "passed": false}, "24": {"execution_time": 0.050534963607788086, "passed": false}}}, "pylint_score": "-5/10"}