{"version": "1", "message": "ERROR: Hidden Testcases server unreachable.", "problem_id": "cspp1_m10_a1_1", "user_id": "heerak205", "score": {"sample": {"0": {"execution_time": 0.05041790008544922, "passed": false}, "1": {"execution_time": 0.04967498779296875, "passed": false}, "2": {"execution_time": 0.05177593231201172, "passed": false}, "3": {"execution_time": 0.04988384246826172, "passed": false}, "4": {"execution_time": 0.051317691802978516, "passed": false}, "5": {"execution_time": 0.05004405975341797, "passed": false}, "6": {"execution_time": 0.05023598670959473, "passed": false}, "7": {"execution_time": 0.051538944244384766, "passed": false}, "8": {"execution_time": 0.05023694038391113, "passed": false}, "9": {"execution_time": 0.05184507369995117, "passed": false}, "10": {"execution_time": 0.04978013038635254, "passed": false}, "11": {"execution_time": 0.05062294006347656, "passed": false}, "12": {"execution_time": 0.05192303657531738, "passed": false}, "13": {"execution_time": 0.0497128963470459, "passed": false}, "14": {"execution_time": 0.052253007888793945, "passed": false}, "15": {"execution_time": 0.04985809326171875, "passed": false}, "16": {"execution_time": 0.050041913986206055, "passed": false}, "17": {"execution_time": 0.050382137298583984, "passed": false}, "18": {"execution_time": 0.04974198341369629, "passed": false}, "19": {"execution_time": 0.04989004135131836, "passed": false}, "20": {"execution_time": 0.04976010322570801, "passed": false}, "21": {"execution_time": 0.05088329315185547, "passed": false}, "22": {"execution_time": 0.051096200942993164, "passed": false}, "23": {"execution_time": 0.0522308349609375, "passed": false}, "24": {"execution_time": 0.05020284652709961, "passed": false}}}, "pylint_score": "-4/10"}