{"version": "1", "message": "ERROR: Hidden Testcases server unreachable.", "problem_id": "cspp1_m10_a1_1", "user_id": "heerak205", "score": {"sample": {"0": {"execution_time": 0.2500770092010498, "passed": true}, "1": {"execution_time": 0.04652976989746094, "passed": true}, "2": {"execution_time": 0.04576373100280762, "passed": true}, "3": {"execution_time": 0.05217385292053223, "passed": false}, "4": {"execution_time": 0.047103166580200195, "passed": true}, "5": {"execution_time": 0.04686999320983887, "passed": false}, "6": {"execution_time": 0.05631208419799805, "passed": true}, "7": {"execution_time": 0.05524134635925293, "passed": false}, "8": {"execution_time": 0.05131387710571289, "passed": false}, "9": {"execution_time": 0.053475141525268555, "passed": false}, "10": {"execution_time": 0.050527095794677734, "passed": true}, "11": {"execution_time": 0.05146980285644531, "passed": true}, "12": {"execution_time": 0.05042886734008789, "passed": false}, "13": {"execution_time": 0.05140519142150879, "passed": false}, "14": {"execution_time": 0.04881405830383301, "passed": false}, "15": {"execution_time": 0.05006814002990723, "passed": false}, "16": {"execution_time": 0.04721879959106445, "passed": true}, "17": {"execution_time": 0.04830527305603027, "passed": true}, "18": {"execution_time": 0.05185508728027344, "passed": true}, "19": {"execution_time": 0.0474088191986084, "passed": false}, "20": {"execution_time": 0.04729485511779785, "passed": true}, "21": {"execution_time": 0.0465390682220459, "passed": false}, "22": {"execution_time": 0.04727602005004883, "passed": false}, "23": {"execution_time": 0.0483701229095459, "passed": false}, "24": {"execution_time": 0.0457918643951416, "passed": false}}}, "pylint_score": "5/10"}